INSERT INTO user_profile (id, birthdate, email, first_name, is_active, last_name, password, user_name, user_status) VALUES (1,'1950-10-02','brune@mum.edu','Brune',0,'Brune','$2a$10$Of2LeD5/T2vAvwKDjZPjrOtb2Mh62MKqTI5WY3yNLs2uFVBdj0kAK','brune1','Active');

INSERT INTO role (id, description, role) VALUES (1,'Admin','Admin');
INSERT INTO role (id, description, role) VALUES (2,'Faculty','Faculty');
INSERT INTO role (id, description, role) VALUES (3,'Student','Student');

INSERT INTO user_profile (id, birthdate, email, first_name, is_active, last_name, password, user_name, user_status) VALUES (7,'1234-12-12','muller@gmail.com','Mulugeta',0,'Bisrat','$2a$10$GcoGc6X9h/HWoD7a5gNtXuWHpHml.u.RtdCxa.ELYpWnLaQvGnodi','muller',NULL);
INSERT INTO user_profile (id, birthdate, email, first_name, is_active, last_name, password, user_name, user_status) VALUES (9,'1990-12-12','merivbaba@gmail.com','Meron',0,'meron','$2a$10$5uwDCD2zXR93c1aBfunJ4ODoceL0OY3QpzRvD.2XVLEWng9NWCV52','meron','Active');
INSERT INTO user_profile (id, birthdate, email, first_name, is_active, last_name, password, user_name, user_status) VALUES (10,'1990-02-07','renuka@mum.edu','Renuka',0,'Renuka','$2a$10$R799UMnY2YVZnHFddJMbhOxR6HcBLiDZoTsZvKspHrIPm6ORsZBZe','renuka','Active');
INSERT INTO user_profile (id, birthdate, email, first_name, is_active, last_name, password, user_name, user_status) VALUES (11,'1990-12-12','salek@gmail.com','Payman',0,'Salek','salek','salek',NULL);
INSERT INTO user_profile (id, birthdate, email, first_name, is_active, last_name, password, user_name, user_status) VALUES (12,'1999-09-09','tina@gmail.cm','Tina',0,'Chung','tinaa','tinaa',NULL);
INSERT INTO user_profile (id, birthdate, email, first_name, is_active, last_name, password, user_name, user_status) VALUES (14,'1950-10-02','murdula@mum.edu','Murdula',0,'Murdula','$2a$10$f.2UdF08d3DXIlQHsJWKJOcbsbN.xb7pqTarWBKp9HoEVjPhfhoHe','murdula','Active');
INSERT INTO user_profile (id, birthdate, email, first_name, is_active, last_name, password, user_name, user_status) VALUES (16,'1950-10-02','brune@mum.edu','Brune',0,'Brune','$2a$10$WlGtVq/w8dwbgQjuS/1r1uxoKxmvaqfLxmSvPYiUEqGXGQajPVp5W','brune','Active');
INSERT INTO user_profile (id, birthdate, email, first_name, is_active, last_name, password, user_name, user_status) VALUES (17,'1950-10-02','assaad@mum.edu','Assaad',0,'Assaad','$2a$10$/TFbW3PF.sAYMjQjegeaHOJ/bPgUhfEDXeFuC3NuP8rH3wzyEd4Qm','assaad','Active');
INSERT INTO user_profile (id, birthdate, email, first_name, is_active, last_name, password, user_name, user_status) VALUES (18,'1960-10-03','loo@mum.edu','Habete',0,'Chung','$2a$10$0gATt1asVpVvI2QpR/dB.eG8S55mF.L8x7w8q1AZVrRWmx92j/WSS','habete','Active');
INSERT INTO user_profile (id, birthdate, email, first_name, is_active, last_name, password, user_name, user_status) VALUES (19,'1950-10-02','brune@mum.edu','Brune',0,'Brune','$2a$10$Of2LeD5/T2vAvwKDjZPjrOtb2Mh62MKqTI5WY3yNLs2uFVBdj0kAK','brune1','Active');
INSERT INTO user_profile (id, birthdate, email, first_name, is_active, last_name, password, user_name, user_status) VALUES (20,'1950-10-02','brune@mum.edu','Brune',0,'Brune','$2a$10$Of2LeD5/T2vAvwKDjZPjrOtb2Mh62MKqTI5WY3yNLs2uFVBdj0kAK','brune1','Active');
INSERT INTO user_profile (id, birthdate, email, first_name, is_active, last_name, password, user_name, user_status) VALUES (21,'1950-10-02','brune@mum.edu','Brune',0,'Brune','$2a$10$Of2LeD5/T2vAvwKDjZPjrOtb2Mh62MKqTI5WY3yNLs2uFVBdj0kAK','brune1','Active');
INSERT INTO user_profile (id, birthdate, email, first_name, is_active, last_name, password, user_name, user_status) VALUES (22,'1950-10-02','brune@mum.edu','Brune',0,'Brune','$2a$10$Of2LeD5/T2vAvwKDjZPjrOtb2Mh62MKqTI5WY3yNLs2uFVBdj0kAK','brune1','Active');
INSERT INTO user_profile (id, birthdate, email, first_name, is_active, last_name, password, user_name, user_status) VALUES (23,'1950-10-02','brune@mum.edu','Brune',0,'Brune','$2a$10$Of2LeD5/T2vAvwKDjZPjrOtb2Mh62MKqTI5WY3yNLs2uFVBdj0kAK','brune1','Active');
INSERT INTO user_profile (id, birthdate, email, first_name, is_active, last_name, password, user_name, user_status) VALUES (24,'1950-10-02','brune@mum.edu','Brune',0,'Brune','$2a$10$Of2LeD5/T2vAvwKDjZPjrOtb2Mh62MKqTI5WY3yNLs2uFVBdj0kAK','brune1','Active');

INSERT INTO faculty (id, is_availability, user_profile_id) VALUES (7,'\0',7);
INSERT INTO faculty (id, is_availability, user_profile_id) VALUES (9,'\0',9);
INSERT INTO faculty (id, is_availability, user_profile_id) VALUES (10,'\0',10);
INSERT INTO faculty (id, is_availability, user_profile_id) VALUES (11,'\0',11);
INSERT INTO faculty (id, is_availability, user_profile_id) VALUES (12,'\0',12);
INSERT INTO faculty (id, is_availability, user_profile_id) VALUES (14,'\0',14);
INSERT INTO faculty (id, is_availability, user_profile_id) VALUES (16,'\0',16);
INSERT INTO faculty (id, is_availability, user_profile_id) VALUES (17,'\0',17);
INSERT INTO faculty (id, is_availability, user_profile_id) VALUES (18,'\0',18);
INSERT INTO faculty (id, is_availability, user_profile_id) VALUES (19,'\0',19);
INSERT INTO faculty (id, is_availability, user_profile_id) VALUES (20,'\0',20);
INSERT INTO faculty (id, is_availability, user_profile_id) VALUES (21,'\0',21);
INSERT INTO faculty (id, is_availability, user_profile_id) VALUES (22,'\0',22);
INSERT INTO faculty (id, is_availability, user_profile_id) VALUES (23,'\0',23);
INSERT INTO faculty (id, is_availability, user_profile_id) VALUES (24,'\0',24);
